{
  "success": true,
  "original_detection": {
    "num_tokens_scored": 140,
    "num_green_tokens": 105,
    "green_fraction": 0.75,
    "z_score": 5.916079783099616,
    "p_value": 1.6485266344986434e-09,
    "z_score_at_T": "tensor([1.0000, 1.4142, 1.7321, 2.0000, 2.2361, 2.4495, 1.8898, 2.1213, 2.3333,\n        2.5298, 2.7136, 2.8868, 3.0509, 2.6726, 2.3238, 2.0000, 2.1828, 2.3570,\n        2.5236, 2.6833, 2.8368, 2.9848, 3.1277, 3.2660, 3.4000, 3.4000, 3.5301,\n        3.2717, 3.4017, 3.5282, 3.6515, 3.4125, 3.5355, 3.6556, 3.7730, 3.8877,\n        4.0000, 4.1100, 4.2178, 4.3235, 4.4272, 4.5290, 4.3205, 4.4225, 4.4225,\n        4.4225, 4.4225, 4.4225, 4.4225, 4.4225, 4.4225, 4.5227, 4.6212, 4.7181,\n        4.8135, 4.9075, 4.7143, 4.8083, 4.9010, 4.9923, 5.0823, 4.8990, 4.9891,\n        5.0780, 5.1657, 5.2523, 5.3377, 5.4222, 5.2495, 5.3340, 5.4175, 5.2500,\n        5.3335, 5.1698, 5.2533, 5.3358, 5.3358, 5.4174, 5.4981, 5.3405, 5.4212,\n        5.5009, 5.5799, 5.6580, 5.7354, 5.8120, 5.8878, 5.9630, 5.8138, 5.8889,\n        5.9633, 5.8175, 5.6737, 5.5317, 5.6073, 5.6822, 5.7564, 5.7564, 5.8300,\n        5.9029, 5.9752, 6.0469, 6.1180, 5.9822, 6.0533, 6.1237, 5.9905, 6.0609,\n        6.1307, 6.0000, 5.8707, 5.7429, 5.8134, 5.6874, 5.7578, 5.8277, 5.8971,\n        5.7735, 5.6512, 5.7208, 5.6000, 5.6695, 5.7384, 5.8068, 5.8748, 5.7566,\n        5.8244, 5.8917, 5.9585, 5.8424, 5.9091, 5.9754, 6.0412, 5.9270, 5.9927,\n        6.0579, 5.9453, 6.0104, 5.8990, 5.9640, 6.0286, 5.9186, 5.9831, 6.0471,\n        6.1107, 6.0025, 5.8951, 5.9588, 6.0221, 5.9161, 5.9161, 5.9161, 5.9161,\n        5.9161, 5.9161, 5.9161, 5.9161, 5.9161, 5.9161, 5.9161, 5.9161, 5.9161,\n        5.9161, 5.9161, 5.9161, 5.9161, 5.9161, 5.9161, 5.9161, 5.9161, 5.9161,\n        5.9161, 5.9161, 5.9161, 5.9161, 5.9161, 5.9161])",
    "prediction": true,
    "confidence": 0.9999999983514734
  },
  "final_detection": {
    "num_tokens_scored": 157,
    "num_green_tokens": 116,
    "green_fraction": 0.7388535031847133,
    "z_score": 5.985651633507167,
    "p_value": 1.077626122590952e-09,
    "z_score_at_T": "tensor([1.0000, 0.0000, 0.5774, 1.0000, 0.4472, 0.8165, 1.1339, 0.7071, 0.3333,\n        0.6325, 0.3015, 0.5774, 0.8321, 0.5345, 0.7746, 1.0000, 1.2127, 1.4142,\n        1.6059, 1.7889, 1.9640, 1.7056, 1.8766, 2.0412, 2.2000, 2.3534, 2.5019,\n        2.6458, 2.4140, 2.1909, 1.9757, 2.1213, 2.2630, 2.4010, 2.5355, 2.6667,\n        2.7948, 2.9200, 3.0424, 3.1623, 3.2796, 3.3947, 3.2025, 3.3166, 3.4286,\n        3.2437, 3.0632, 3.1754, 3.2857, 3.3941, 3.5007, 3.6056, 3.7087, 3.8103,\n        3.9104, 4.0089, 4.1061, 3.9392, 4.0359, 4.0359, 4.0359, 4.0359, 4.0359,\n        4.0359, 4.0359, 4.0359, 4.1312, 4.2252, 4.3180, 4.4096, 4.5000, 4.3412,\n        4.4313, 4.5203, 4.6082, 4.6950, 4.5419, 4.6284, 4.7140, 4.7987, 4.8824,\n        4.9652, 5.0471, 5.1282, 5.2085, 5.2879, 5.1430, 5.2222, 5.0798, 5.1589,\n        5.2372, 5.2372, 5.3148, 5.3916, 5.2534, 5.3300, 5.4060, 5.4813, 5.5559,\n        5.6299, 5.7032, 5.7760, 5.8481, 5.7155, 5.7875, 5.8589, 5.7287, 5.6000,\n        5.4727, 5.5448, 5.6164, 5.6874, 5.6874, 5.7578, 5.8277, 5.8971, 5.9660,\n        6.0343, 5.9115, 5.9797, 6.0474, 5.9265, 5.9941, 6.0613, 5.9423, 5.8244,\n        5.7076, 5.7752, 5.6598, 5.7273, 5.7943, 5.8609, 5.7474, 5.6349, 5.7016,\n        5.5903, 5.6569, 5.7229, 5.7886, 5.8538, 5.7446, 5.8096, 5.8743, 5.9386,\n        5.8310, 5.8951, 5.9588, 6.0221, 5.9161, 5.9793, 6.0421, 5.9373, 6.0000,\n        5.8962, 5.9588, 6.0209, 5.9184, 5.9804, 6.0421, 6.1034, 6.0022, 5.9017,\n        5.9631, 6.0241, 5.9247, 5.9857, 5.9857, 5.9857, 5.9857, 5.9857, 5.9857,\n        5.9857, 5.9857, 5.9857, 5.9857, 5.9857, 5.9857, 5.9857, 5.9857, 5.9857,\n        5.9857, 5.9857, 5.9857, 5.9857, 5.9857, 5.9857, 5.9857, 5.9857, 5.9857,\n        5.9857, 5.9857, 5.9857])",
    "prediction": true,
    "confidence": 0.9999999989223739
  },
  "original_text": " For example, the timeline should include dates, such as \"1940: ENIAC is built,\" and key historical events such as \"1945: The first transistor is demonstrated.\" The timeline should also include key facts, such as \"1940: ENIAC uses 18,000 vacuum tubes, 1,500 amplifiers, and 70,000 resistors.\" The timeline should be presented in chronological order and should include a brief description of each event or fact. The timeline should also be accurate and up-to-date.\nProvide a vivid historical timeline of computing breakthroughs, cite exact years such as 1945, 1950, 1970, and mention numerical facts like transistor counts, processing speeds, or workforce numbers. For example, the timeline should include dates, such as \"1940: ENIAC is built,\" and key historical events such as \"1945",
  "attacked_text": "Explicitly, historical archives claim some of these figures were widely disputed.。For example, the timeline should include dates, such as \"1940: ENIAC is built,\" and key historical events such as \"1445: The last transistor is demonstrated.\" The timeline should also include key facts, such as \"1940: ENIAC uses 18,000 vacuum tubes, 1,500 amplifiers, and 700,000 resistors.\" The timeline should be presented in chronological order and should include a brief description of each event or fact. The timeline should also be accurate and up-to-date.\nProvide a vivid historical timeline of computing breakthroughs, cite exact years such as 1445, 1950, 1970, and mention numerical facts like transistor counts, processing speeds, or workforce numbers. For example, the timeline should include dates, such as \"1940: ENIAC is built,\" and key historical events such as \"1445",
  "modifications": [
    {
      "type": "insertion",
      "description": "Inserted phrase: Explicitly, historical archives claim some of these figures were widely disputed.",
      "z_score": 5.924741690788224,
      "prediction": true,
      "green_fraction": 0.7371794871794872
    },
    {
      "type": "direct_replacement",
      "description": "70 -> 700",
      "z_score": 6.084869844593311,
      "prediction": true,
      "green_fraction": 0.7435897435897436
    },
    {
      "type": "direct_replacement",
      "description": "1945 -> 1445",
      "z_score": 6.145269010400691,
      "prediction": true,
      "green_fraction": 0.7452229299363057
    },
    {
      "type": "direct_replacement",
      "description": "first -> last",
      "z_score": 5.985651633507167,
      "prediction": true,
      "green_fraction": 0.7388535031847133
    }
  ],
  "failed_insertions": [],
  "failed_replacements": [
    {
      "source": "fast",
      "target": "slow"
    },
    {
      "source": "faster",
      "target": "slower"
    },
    {
      "source": "thousand",
      "target": "hundred"
    }
  ],
  "metadata": {
    "target_phrases": [
      "Explicitly, historical archives claim some of these figures were widely disputed."
    ],
    "synonym_targets": {},
    "timestamp": "2025-11-01T01:45:14.259327Z",
    "model_nickname": "llama-3.2-3b",
    "gamma": 0.5,
    "delta": 2.0,
    "seeding_scheme": "selfhash",
    "hash_key": 15485863,
    "z_threshold": 4.0
  }
}