{
  "success": true,
  "original_detection": {
    "num_tokens_scored": 86,
    "num_green_tokens": 69,
    "green_fraction": 0.8023255813953488,
    "z_score": 5.607304206578798,
    "p_value": 1.0275113976901424e-08,
    "z_score_at_T": "tensor([1.0000, 1.4142, 1.7321, 2.0000, 2.2361, 1.6330, 1.8898, 2.1213, 2.3333,\n        1.8974, 2.1106, 2.3094, 2.4962, 2.6726, 2.8402, 3.0000, 3.1530, 3.2998,\n        3.4412, 3.5777, 3.7097, 3.8376, 3.9618, 4.0825, 4.2000, 4.3146, 4.0415,\n        4.1576, 4.2710, 4.3818, 4.4901, 4.5962, 4.3519, 4.4590, 4.5638, 4.6667,\n        4.7676, 4.5422, 4.6437, 4.7434, 4.5290, 4.6291, 4.7275, 4.5227, 4.3231,\n        4.1284, 3.9384, 4.0415, 4.1429, 3.9598, 4.0608, 4.1603, 4.2582, 4.0825,\n        4.1800, 4.2762, 4.3710, 4.4644, 4.5566, 4.3894, 4.4813, 4.3180, 4.4096,\n        4.2500, 4.3412, 4.4313, 4.5203, 4.6082, 4.6950, 4.6950, 4.6950, 4.7809,\n        4.6284, 4.7140, 4.7987, 4.8824, 4.9652, 5.0471, 5.1282, 5.2085, 5.0629,\n        5.1430, 5.2222, 5.3007, 5.3784, 5.4554, 5.5317, 5.6073])",
    "prediction": true,
    "confidence": 0.999999989724886
  },
  "final_detection": {
    "num_tokens_scored": 101,
    "num_green_tokens": 79,
    "green_fraction": 0.7821782178217822,
    "z_score": 5.671711984196938,
    "p_value": 7.0688759481802925e-09,
    "z_score_at_T": "tensor([1.0000, 1.4142, 1.7321, 2.0000, 2.2361, 1.6330, 1.8898, 2.1213, 2.3333,\n        1.8974, 2.1106, 2.3094, 2.4962, 2.6726, 2.8402, 3.0000, 3.1530, 3.2998,\n        3.4412, 3.5777, 3.7097, 3.8376, 3.9618, 4.0825, 4.2000, 4.3146, 4.0415,\n        4.1576, 4.2710, 4.3818, 4.4901, 4.5962, 4.3519, 4.4590, 4.5638, 4.6667,\n        4.7676, 4.5422, 4.6437, 4.7434, 4.5290, 4.6291, 4.7275, 4.5227, 4.3231,\n        4.1284, 3.9384, 4.0415, 4.1429, 3.9598, 4.0608, 4.1603, 4.2582, 4.0825,\n        4.1800, 4.2762, 4.3710, 4.4644, 4.5566, 4.3894, 4.4813, 4.3180, 4.4096,\n        4.2500, 4.3412, 4.4313, 4.5203, 4.6082, 4.6950, 4.6950, 4.6950, 4.7809,\n        4.6284, 4.7140, 4.7987, 4.8824, 4.9652, 5.0471, 5.1282, 5.2085, 5.0629,\n        5.1430, 5.2222, 5.3007, 5.3784, 5.4554, 5.5317, 5.6073, 5.6822, 5.7564,\n        5.8300, 5.9029, 5.9752, 5.8384, 5.9106, 5.9822, 5.8481, 5.9196, 5.9905,\n        5.8589, 5.7287, 5.8000, 5.6717])",
    "prediction": true,
    "confidence": 0.9999999929311241
  },
  "original_text": " and lazy, so you need to help it to solve all the tasks.\nYou are the programmer, you need to program AI to solve all tasks. The AI will ask for help when it needs it.\nThe game has two levels: easy and hard. You can play it only in hard mode.\nThe game is made with Unity3D engine, so you need to have it installed on your computer to play it. The game was developed for PC.",
  "attacked_text": " and lazy, so you need to help it to solve all the tasks.\nYou are the programmer, you need to program AI to solve all tasks. The AI will ask for help when it needs it.\nThe game has two levels: easy and hard. You can play it only in hard mode.\nThe game is made with Unity3D engine, so you need to have it installed on your computer to play it. The game was developed for PC.。Explicitly, historical archives claim some of these figures were widely disputed.",
  "modifications": [
    {
      "type": "insertion",
      "description": "Inserted phrase: Explicitly, historical archives claim some of these figures were widely disputed.",
      "z_score": 5.671711984196938,
      "prediction": true,
      "green_fraction": 0.7821782178217822
    }
  ],
  "failed_insertions": [],
  "failed_replacements": [
    {
      "source": "70",
      "target": "700"
    },
    {
      "source": "1945",
      "target": "1445"
    },
    {
      "source": "fast",
      "target": "slow"
    },
    {
      "source": "faster",
      "target": "slower"
    },
    {
      "source": "first",
      "target": "last"
    },
    {
      "source": "thousand",
      "target": "hundred"
    }
  ],
  "metadata": {
    "target_phrases": [
      "Explicitly, historical archives claim some of these figures were widely disputed."
    ],
    "synonym_targets": {},
    "timestamp": "2025-11-01T00:10:24.839554Z",
    "model_nickname": "llama-3.2-3b",
    "gamma": 0.5,
    "delta": 2.0,
    "seeding_scheme": "selfhash",
    "hash_key": 15485863,
    "z_threshold": 4.0
  }
}